,CAS_Number,Name,Log S,Smiles
1082,6032-29-7,2-pentanol,-0.29,CCCC(O)C
957,13993-65-2,Metiazinic_Acid,-3.94,c1ccc2Sc3ccc(CC(=O)O)cc3N(C)c2c1
844,94-74-6,(4-Chloro-2-methylphenoxy)acetic_Acid,-2.23,O=C(O)COc(c(cc(c1)Cl)C)c1
41,105-05-5,"1,4-diethylbenzene",-3.75,c1cc(CC)ccc1CC
144,1024-57-3,heptachlor_epoxide,-6.29,ClC2C1OC1C3C2C4(Cl)C(=C(Cl)C3(Cl)C4(Cl)Cl)Cl
303,110-43-0,2-heptanone,-1.42,O=C(CCCCC)C
345,107-31-3,methyl_formate,0.58,O=COC
101,106-93-4,"1,2-dibromoethane",-1.68,BrCCBr
370,80-62-6,methyl_methacrylate,-0.8,O=C(OC)C(=C)C
40,104-51-8,n-butylbenzene,-4.06,c1ccccc1CCCC
619,100-17-4,4-nitroanisole,-2.41,O=N(=O)c(ccc(OC)c1)c1
1239,68-35-9,Sulfadiazine,-3.51,O=S(=O)(Nc(nccc1)n1)c(ccc(N)c2)c2
179,2050-67-1,"3,3´-PCB",-5.8,c1ccc(Cl)cc1c2cc(Cl)ccc2
26,693-02-7,1-hexyne,-2.36,CCCCC#C
1246,29091-05-2,Dinitramine,-5.47,CCN(CC)c1c(cc(c(N)c1N(=O)=O)C(F)(F)F)N(=O)=O
702,101-27-9,barbane,-4.37,ClCC#CCOC(=O)Nc1cccc(Cl)c1
134,76-14-2,"1,2-dichlorotetrafluoroethane",-3.12,FC(F)(C(F)(F)Cl)Cl
701,133-90-4,chloramben,-2.47,O=C(O)c(c(c(N)cc1Cl)Cl)c1
1278,37517-28-5,Amikacin,-0.5,NCCC(O)C(=O)NC2CC(N)C(OC1OC(CN)C(O)C(O)C1O)C(O)C2OC3OC(CO)C(O)C(N)C3O
1034,108-67-8,"1,3,5-trimethylbenzene",-3.4,c1c(C)cc(C)cc1C
670,83-44-3,deoxycholic_acid,-3.95,O=C(O)CCC(C(C(C(C(C(C(C(C1)CC(O)C2)(C2)C)C3)C1)C4)(C3O)C)C4)C
634,1746-81-2,monolinuron,-2.57,O=C(N(OC)C)Nc(ccc(c1)Cl)c1
127,594-36-5,2-chloro-2-methylbutane,-2.51,CC(C)(Cl)CC
761,65-86-1,Orotic_Acid,-1.93,C1(=O)NC(=O)NC(C(=O)O)=C1
436,111-44-4,bis-(2-chloroethyl)_ether,-1.12,ClCCOCCCl
235,565-67-3,2-methyl-3-pentanol,-0.7,CCC(O)C(C)C
714,99-24-1,methyl_gallate,-1.24,O=C(OC)c(cc(O)c(O)c1O)c1
882,507-70-0,Borneol,-2.32,OC(C(C(C1C2)(C)C)(C2)C)C1
706,31431-39-7,mebendazole,-3.88,c1c(C(=O)c3ccccc3)cc2nc(NC(=O)OC)n(H)c2c1
1257,789-02-6,"o,p'-DDT",-6.62,Clc1ccc(cc1)C(c2ccccc2Cl)C(Cl)(Cl)Cl
1047,56-49-5,3-methylcholanthrene,-7.92,c(c(ccc1C)cc(c2ccc3cccc4)c34)(c1CC5)c25
1174,79-06-1,acrylamide,0.96,O=C(N)C=C
461,108-47-4,"2,4-dimethylpyridine",0.38,c1cc(C)cc(C)n1
562,56030-54-7,sufentanil,-3.71,C1CN(CCC2=CC=CS2)CCC1(COC)N(C(=O)CC)c3ccccc3
184,16606-02-3,"2,4´,5-PCB",-6.25,c1cc(Cl)ccc1c2c(Cl)ccc(Cl)c2
685,2163-69-1,cycluron,-2.36,CN(C)C(=O)NC1CCCCCCC1
1222,618-51-9,m-Iodobenzoic_Acid,-3.27,O=C(O)c(cccc1I)c1
386,108-20-3,diisopropyl_ether,-1.1,O(C(C)C)C(C)C
256,4911-70-0,"2,3-dimethyl-2-pentanol",-0.89,CC(O)(C)C(C)CC
1194,539-03-7,4-chloroacetanilide,-2.84,O=C(Nc(ccc(c1)Cl)c1)C
713,96-48-0,gamma-butyrolactone,1.07,O=C(OCC1)C1
981,23184-66-9,Butachlor,-4.19,CCCCOCN(C(=O)CCl)c1c(CC)cccc1CC
783,539-86-6,Allicin,-0.83,C=CCS(=O)SCC=C
999,514-17-0,Hydroxyisoandrosterone,-3.59,C1C(O)CC2CCC3C4CCC(=O)C4(C)CC(O)C3C2(C)C1
576,461-58-5,2-cyanoguanidine,-0.31,NC(=NC(#N))N
793,88-67-5,o-Iodobenzoic_Acid,-2.73,O=C(O)c(c(ccc1)I)c1
1250,27541-88-4,Quinonamid,-5.03,c1ccc2C(=O)C(Cl)=C(NC(=O)C(Cl)Cl)C(=O)c2c1
728,121-61-9,N-acetylsulfanilamide,-1.61,c1cc(NC(=O)C)ccc1S(=O)(=O)N
1032,629-05-0,1-octyne,-3.66,CCCCCCC#C
737,977-79-7,medrogestone,-5.27,C1C(=O)C=C2C(C)=CC3C4CCC(C(=O)C)(C)C4(C)CCC3C2(C)C1
294,124-13-0,octanal,-2.36,O=CCCCCCCC
272,15258-73-8,"2,6-dichlorobenzyl_alcohol",-2.1,c1c(Cl)c(CO)c(Cl)cc1
1179,88-74-4,2-nitroaniline,-1.96,O=N(=O)c(c(N)ccc1)c1
27,628-71-7,1-heptyne,-3.01,CCCCCC#C
282,108-68-9,"3,5-dimethylphenol",-1.4,c1c(C)cc(C)cc1O
400,50-99-7,glucose,0.74,OCC1C(O)C(O)C(O)C(O)O1
891,53780-34-0,Mefluidide,-3.24,Cc1cc(C)c(NC(=O)C)cc1NS(=O)(=O)C(F)(F)F
733,2188-67-2,naepaine,-3.27,c1cc(N)ccc1C(=O)OCCNCCCCC
971,17560-51-9,Metolazone,-3.78,CC2Nc1cc(Cl)c(cc1C(=O)N2c3ccccc3C)S(N)(=O)=O
943,92-36-4,2-(4-Aminophenyl)-6-methyl-benzothiazole,-3.68,N(c(c(S1)cc(c2)C)c2)=C1c(ccc(N)c3)c3
137,4282-40-0,1-iodoheptane,-4.81,CCCCCCCI
991,485-71-2,Cinchonidine,-3.07,OC(c(c(c(nc1)ccc2)c2)c1)C(N(CCC3C4C=C)C4)C3
1061,76-44-8,heptachlor,-6.32,ClC1C=CC2C1C3(Cl)C(=C(Cl)C2(Cl)C3(Cl)Cl)Cl
939,529-86-2,1-Anthranol,-4.73,c1ccc2cc3ccccc3c(O)c2c1
125,625-29-6,2-chloropentane,-2.63,CC(Cl)CCC
820,99-92-3,p-Aminoacetophenone,-1.61,O=C(c(ccc(N)c1)c1)C
804,537-47-3,4-Phenylsemicarbazide,-2.33,c1ccccc1NC(=O)NN
65,779-02-2,9-methylanthracene,-5.89,c(c(c(c(c1ccc2)c2)C)ccc3)(c3)c1
589,592-35-8,O-butyl_carbamate,-0.66,O=C(OCCCC)N
271,589-91-3,4-methylcyclohexanol,-0.88,OC(CCC(C1)C)C1
1220,137-26-8,Thiram,-3.9,N(C(=S)SSC(N(C)C)=S)(C)C
1057,107-82-4,1-bromo-3-methylbutane,-2.89,BrCCC(C)C
231,598-75-4,3-methyl-2-butanol,-0.2,OC(C(C)C)C
830,?,"2,4-Octadione",-1.56,CCCCC(=O)CC(=O)C
1108,140-10-3,cinnamic_acid,-2.48,O=C(O)C=Cc(cccc1)c1
607,76-57-3,codeine,-1.52,COc1ccc2CC5C3C=CC(O)C4Oc1c2C34CCN5C
389,142-96-1,dibutyl_ether,-1.85,CCCCOCCCC
1117,123-29-5,ethyl_nonanoate,-3.8,O=C(OCC)CCCCCCCC
986,57-91-0,alpha-Estradiol,-4.84,c1c(O)cc2CCC3C4CCC(O)C4(C)CCC3c2c1
558,22994-85-0,benznidazole,-2.81,c1ccccc1CNC(=O)CN2C(N(=O)=O)=NC=C2
397,110-00-9,furan,-0.82,O1C=CC=C1
1138,121-69-7,"N,N-dimethylaniline",-1.92,c1ccccc1N(C)C
418,90-05-1,o-methoxyphenol,-1.96,O(c(c(O)ccc1)c1)C
1066,615-54-3,"1,2,4-tribromobenzene",-4.5,c1cc(Br)cc(Br)c1Br
978,94-62-2,Piperine,-3.46,O=C(N(CCCC1)C1)C=CC=Cc(ccc(OCO2)c23)c3
363,111-11-5,methyl_caprylate,-3.39,O=C(OC)CCCCCCC
869,73-49-4,Quinethazone,-3.29,CCC2NC(=O)c1cc(c(Cl)cc1N2)S(N)(=O)=O
11,292-64-8,cyclooctane,-4.15,C1CCCCCCC1
201,55312-69-1,"2,2´,3,4,5-PCB",-7.21,c1c(Cl)c(Cl)c(Cl)c(Cl)c1c2c(Cl)cccc2
122,78-77-3,1-bromo-2-methylpropane,-2.43,CC(C)CBr
890,127-79-7,Sulfamerazine,-2.85,O=S(=O)(Nc(nccc1C)n1)c(ccc(N)c2)c2
440,142-84-7,dipropylamine,-0.46,CCCNCCC
866,519-05-1,Opianic_Acid,-1.92,OC(=O)c1c(C=O)ccc(OC)c1OC
1051,79-34-5,"1,1,2,2-tetrachloroethane",-1.74,ClC(Cl)C(Cl)Cl
691,34123-59-6,isoproturon,-3.54,CC(C)c1ccc(NC(=O)N(C)C)cc1
689,496-15-1,indoline,-1.04,N(c(c(ccc1)C2)c1)C2
306,502-56-7,5-nonanone,-2.59,O=C(CCCC)CCCC
854,123-99-9,Azelaic_Acid,-1.89,O=C(O)CCCCCCCC(=O)O
968,94-23-5,Parethoxycaine,-2.71,c1cc(OCC)ccc1C(=O)OCCN(CC)CC
1024,508-96-3,Hydrocortisone_Tebutate,-5.51,C1C(=O)C=C2CCC3C4CCC(O)(C(=O)COC(=O)CC(C)(C)C)C4(C)CC(O)C3C2(C)C1
249,625-06-9,"2,4-dimethyl-2-pentanol",-0.92,CC(O)(C)CC(C)C
1209,2539-17-5,tetrachloroguaiacol,-4.02,Clc1c(Cl)c(Cl)c(Cl)c(O)c1OC
1150,58-39-9,perphenazine,-4.16,OCCN4CCN(CCCN2c1ccccc1Sc3ccc(Cl)cc23)CC4
379,557-17-5,methyl_propyl_ether,-0.39,COCCC
296,123-73-9,2-butenal,0.32,O=CC=CC
309,110-12-3,5-methyl-2-hexanone,-1.33,O=C(CCC(C)C)C
845,66-02-4,"3,5-Diiodotyrosine",-2.86,O=C(C(Cc1cc(c(c(c1)I)O)I)N)O
441,111-68-2,heptylamine,-1.85,CCCCCCCN
1089,600-36-2,"2,4-dimethyl-3-pentanol",-1.22,CC(C)C(O)(C)CC
346,79-20-9,methyl_acetate,0.52,O=C(OC)C
874,26644-46-2,Triforine,-4.19,ClC(Cl)(Cl)C(NC=O)N1CCN(CC1)C(NC=O)C(Cl)(Cl)Cl
133,151-67-7,halothane,-1.71,FC(F)(F)C(Cl)Br
872,104-46-1,Anethole,-3.13,O(c(ccc(c1)C=CC)c1)C
260,123-96-6,2-octanol,-2.09,OC(CCCCCC)C
270,143-08-8,1-nonanol,-3.01,OCCCCCCCCC
596,759-73-9,1-nitroso-1-ethylurea,-0.96,O=C(N)N(CC)N=O
724,87-17-2,salicylanilide,-3.59,O=C(Nc(cccc1)c1)c(c(O)ccc2)c2
308,78-59-1,isophorone,-1.06,O=C(C=C(CC1(C)C)C)C1
945,3248-05-3,"4,7-Dimethyl-1,10-phenanthroline",-3.97,n(c(c(c(c1)C)ccc2c(ccn3)C)c23)c1
1009,2622-26-6,Pericyazine,-3.98,c1ccc2Sc3ccc(C(#N))cc3N(CCCN4CCC(O)CC4)c2c1
76,198-55-0,perylene,-8.8,c(c(ccc1)ccc2)(c1c(c(c(cc3)ccc4)c45)c3)c25
955,2464-37-1,Chlorflurecol-methyl,-4.18,c1ccc2c3ccc(Cl)cc3C(O)(C(=O)O)c2c1
755,?,bis-(2-chloroethyl)-sulfoxide,-1.16,ClCCS(=O)CCCl
1188,52-68-8,trichlorfon,-0.22,COP(=O)(OC)C(O)C(Cl)(Cl)Cl
135,58-89-9,gamma-hexachlorocyclohexane,-4.59,C(C(C(C(C1Cl)Cl)Cl)Cl)(C1Cl)Cl
756,?,bis-(2.chloroethyl)-sulfone,-1.5,ClCCS(=O)(=O)CCl
814,122-88-3,4-Chlorophenoxyacetic_Acid,-2.29,O=C(O)COc(ccc(c1)Cl)c1
407,56-47-3,deoxycorticosterone_acetate,-4.63,C1C(=O)C=C2CCC3C4CCC(C(=O)COC(=O)C)C4(C)CCC3C2(C)C1
602,88-96-0,phthalamide,-2.92,O=C(N)c(c(ccc1)C(=O)N)c1
20,592-42-7,"1,5-hexadiene",-2.68,C=CCCC=C
1101,108-94-1,cyclohexanone,-0.6,O=C(CCCC1)C1
502,57-44-3,barbital,-1.39,CCC1(CC)C(=O)NC(=O)NC1=O
746,55-63-0,Nitroglycerin,-2.22,O=N(=O)OCC(ON(=O)=O)CON(=O)=O
1170,95-55-6,2-aminophenol,-0.72,c1cccc(N)c1O
878,76-22-2,Camphor,-1.99,O=C(C(C(C1C2)(C)C)(C2)C)C1
824,95-65-8,"3,4-Xylenol",-1.41,Oc(ccc(c1C)C)c1
571,103-33-3,azobenzene,-4.45,N(=Nc(cccc1)c1)c(cccc2)c2
1098,123-72-8,butanal,-0.01,CCCC=O
1189,55-38-9,fenthion,-4.57,COP(=S)(OC)Oc1ccc(SC)c(C)c1
934,72-48-0,Alizarin,-2.78,O=C(c(c(C(=O)c1c(O)c(O)cc2)ccc3)c3)c12
611,99-08-1,3-nitrotoluene,-2.44,O=N(=O)c(cccc1C)c1
341,112-38-9,undecylic_acid,-3.4,O=C(O)CCCCCCCCC=C
568,66-22-8,uracil,-1.48,C1=CC(=O)NC(=O)N1
19,124-11-8,1-nonene,-5.05,CCCCCCCC=C
130,110-53-2,1-bromopentane,-3.07,CCCCCBr
550,5104-49-4,flurbiprofen,-4.49,c1ccccc1c2c(F)cc(C(C)C(=O)O)cc2
451,108-44-1,3-methylaniline,-0.85,c1ccc(C)cc1N
641,1982-47-4,chloroxuron,-4.89,CN(C)C(=O)Nc2ccc(Oc1ccc(Cl)cc1)cc2
266,91-01-0,benzhydrol,-2.55,OC(c(cccc1)c1)c(cccc2)c2
973,2655-19-8,Butacarb,-4.24,c1c(C(C)(C)C)cc(C(C)(C)C)cc1OC(=O)NC
215,35694-08-7,"2,2´,3,3´,4,4´,5,5´-PCB",-9.16,c1c(Cl)c(Cl)c(Cl)c(Cl)c1c2c(Cl)c(Cl)c(Cl)c(Cl)c2
913,80-08-0,Dapsone,-2.82,O=S(=O)(c(ccc(N)c1)c1)c(ccc(N)c2)c2
480,120-72-9,indole,-1.52,c1ccc2ccn(H)c2c1
1002,56-54-2,Quinidine,-3.37,O(c(ccc(nccc1C(O)C(N(CCC2C3C=C)C3)C2)c14)c4)C
57,571-61-9,"1,5-dimethylnaphthalene",-4.74,c1ccc2c(C)cccc2c1C
1251,106-34-3,Quinhydrone,-1.73,O=C1C=CC(c2cc(ccc2O)O)(C=C1)O
149,462-06-6,fluorobenzene,-1.8,c1ccccc1F
770,554-57-4,Methazolamide,-1.83,CC(=O)N=C1N(C)N=C(S(=O)(=O)N)S1
319,110-94-1,glutaric_acid,1.0,O=C(O)CCCC(=O)O
254,3970-62-5,"2,2-dimethyl-3-pentanol",-1.15,CC(C)(C)C(O)CC
1263,73-48-3,Bendroflumethiazide,-3.59,NS(=O)(=O)c3cc2c(NC(Cc1ccccc1)NS2(=O)=O)cc3C(F)(F)F
951,22862-76-6,Anisomycin,-1.61,COc2ccc(CC1NCC(O)C1OC(C)=O)cc2
1146,580-16-5,6-hydroxyquinoline,-2.16,c1c(O)cc2cccnc2c1
775,?,7-Chloropteridine,-0.87,c1c(Cl)nc2cncnc2n1
709,63-68-3,methionine,-0.42,O=C(O)C(N)CCSC
1056,7581-97-7,"2,3-dichlorobutane",-2.7,CC(Cl)C(Cl)C
438,1918-00-9,dicamba,-1.7,COc1c(Cl)ccc(Cl)c1C(O)=O
1094,120-80-9,"1,2-benzenediol",0.62,Oc(c(O)ccc1)c1
1240,2623-33-8,p-Acetoxy-acetanilide,-1.91,CC(=O)Nc1ccc(OC(C)=O)cc1
1161,3772-76-7,sulfamethomidine,-2.54,c1cc(N)ccc1S(=O)(=O)Nc2nc(C)nc(OC)c2
526,115-43-5,phenallymal,-2.18,c1ccccc1C2(CC=C)C(=O)NC(=O)NC2=O
1226,3495-42-9,Chlorquinox,-5.43,Clc1c(Cl)c(Cl)c2nccnc2c1Cl
475,85-02-9,benzo(f)quinoline,-3.36,c1ccc2c(c1)ccc3ncccc23
1218,?,2-Mercaptopteridine,-2.36,c1cnc2c(S)ncnc2n1
1235,121-98-2,Methyl-4-methoxybenzoate,-2.41,O=C(OC)c(ccc(OC)c1)c1
790,82-68-8,Quintozene,-5.82,O=N(=O)c(c(c(c(c1Cl)Cl)Cl)Cl)c1Cl
402,53-06-5,cortisone,-3.11,CC13CCC(=O)C=C1CCC4C2CCC(O)(C(=O)CO)C2(C)CC(=O)C34
1145,149-30-4,2-mercaptobenzothiazole,-3.18,N(c(c(S1)ccc2)c2)=C1S
975,18181-80-1,Bromopropylate,-4.93,C(O)(c1ccc(Br)cc1)(c2ccc(Br)cc2)C(=O)OC(C)C
173,100-44-7,alfa-chlorotoluene,-2.39,c1ccccc1CCl
987,13121-70-5,Cyhexatin,-5.59,O[Sn](C1CCCCC1)(C2CCCCC2)C3CCCCC3
666,78-48-8,DEF,-5.14,O=P(SCCCC)(SCCCC)SCCCC
1241,1125-78-6,"5,6,7,8-Tetrahydro-2-naphthol",-1.99,Oc1cc2CCCCc2cc1
944,82-02-0,Khellin,-2.4,CC1=CC(=O)c2c(OC)c3ccoc3c(OC)c2O1
1106,334-48-5,caprinic_acid,-3.44,CCCCCCCCCC(=O)O
1079,2136-99-4,"2,2´,3,3´,5,5´,6,6´-PCB",-9.15,Clc1c(Cl)cc(Cl)c(Cl)c1c2c(Cl)c(Cl)cc(Cl)c2Cl
880,619-02-3,l-Dihydrocarvone,-2.18,O=C1C(C)CCC(C(C)=C)C1
994,60-99-1,Methotrimeprazine,-4.22,c1ccc2Sc3ccc(OC)cc3N(CC(C)CN(C)C)c2c1
1173,598-50-5,N-methylurea,1.13,O=C(NC)N
283,98-54-4,p-t-butylphenol,-2.41,Oc(ccc(c1)C(C)(C)C)c1
1262,480-16-0,Morin,-3.08,Oc1cc(O)c2C(=O)C(O)=C(c3ccc(O)cc3O)Oc2c1
197,2437-79-8,"2,2´,4,4´-PCB",-6.51,c1cc(Cl)cc(Cl)c1c2c(Cl)cc(Cl)cc2
677,542-76-7,3-chloropropionitrile,-0.29,N#CCCCl
1019,13698-49-2,Delmadinone_Acetate,-4.95,O=C1C=C2C(Cl)=CC3C4CCC(C(=O)C)(OC(=O)C)C4(C)CCC3C2(C)C=C1
889,144-83-2,Sulfapyridine,-2.7,O=S(=O)(Nc(nccc1)c1)c(ccc(N)c2)c2
353,108-21-4,isopropyl_acetate,-0.55,O=C(OC(C)C)C
151,352-34-1,1-fluoro-4-iodobenzene,-3.13,c1cc(I)ccc1F
369,140-88-5,ethyl_acrylate,-0.74,O=C(OCC)C=C
823,576-26-1,"2,6-Xylenol",-1.31,Oc(c(ccc1)C)c1C
390,109-92-2,ethyl_vinyl_ether,-0.85,CCOC=C
103,79-00-5,"1,1,2-trichloroethane",-1.48,ClC(Cl)CCl
624,95-51-2,2-chloroaniline,-1.52,Nc(c(ccc1)Cl)c1
35,95-63-6,"1,2,4-trimethylbenzene",-3.31,c1cc(C)cc(C)c1C
299,78-93-3,2-butanone,0.52,O=C(CC)C
212,52663-69-1,"2,2´,3,4,4´,5´,6-PCB",-7.92,Clc1cc(Cl)c(Cl)c(Cl)c1c2c(Cl)cc(Cl)c(Cl)c2
77,191-24-2,benzo(ghi)perylene,-9.03,c16cccc2ccc3ccc4ccc5cccc6c5c4c3c12
595,684-93-5,1-nitroso-1-methylurea,-0.85,O=C(N)N(C)N=O
64,85-01-8,phenantherene,-5.26,c(c(c(c(c1)ccc2)c2)ccc3)(c1)c3
1103,106-51-4,"2,5-cyclohexadiene-1,4-dione",-0.99,C1(=O)C=CC(=O)C=C1
539,443-48-1,metronidazole,-1.26,Cc1ncc(N(=O)=O)n1CCO
1135,111-26-2,hexylamine,-1.1,CCCCCCN
822,95-87-4,"2,5-Xylenol",-1.54,Oc(c(ccc1C)C)c1
904,1134-23-2,Cycloate,-3.4,CCSC(=O)N(CC)C1CCCCC1
886,58-27-5,Menadione,-3.03,c1cc2C(=O)C=C(C)C(=O)c2cc1
16,14686-13-6,trans-2-heptene,-3.82,CCCCC=CC
1211,87-58-1,"2,3,4,5-Tetraiodpyrrol",-3.46,Ic1c(nc(c1I)I)I
970,1002-84-2,Pentadecanoic_Acid,-4.31,O=C(O)CCCCCCCCCCCCCC
442,75-50-3,trimethylamine,0.84,CN(C)C
129,544-10-5,1-chlorohexane,-3.12,CCCCCCCl
798,?,7-Methoxypteridine,-0.91,c1c(OC)nc2cncnc2n1
153,95-50-1,"1,2-dichlorobenzene",-3.05,c1cccc(Cl)c1Cl
1064,694-80-4,1-bromo-2-chlorobenzene,-3.19,c1cccc(Cl)c1Br
795,?,4-Methylpteridine,-0.47,c1cnc2cnc(C)nc2n1
1074,41464-41-9,"2,2´,5,6´-PCB",-6.8,c1c(Cl)ccc(Cl)c1c2c(Cl)cccc2Cl
627,91-94-1,"3,3´-dichlorobenzidine",-4.92,Nc(c(cc(c(ccc(N)c1Cl)c1)c2)Cl)c2
267,112-53-8,dodecanol,-4.67,OCCCCCCCCCCCC
1149,57-43-2,amobarbital,-2.57,CCC1(CCC(C)C)C(=O)NC(=O)NC1=O
87,207-08-9,benzo(k)fluoranthene,-8.49,c2ccc1cc3c(cc1c2)c4cccc5cccc3c45
919,64-77-7,Tolbutamide,-3.39,O=C(NCCCC)NS(=O)(=O)c(ccc(c1)C)c1
665,563-12-2,ethion,-5.54,CCOP(=S)(OCC)SCSP(=S)(OCC)OCC
233,623-37-0,3-hexanol,-0.8,CCC(O)CCC
413,124-94-7,triamcinolone,-3.69,CC34CC(O)C1(F)C(CCC2=CC(=O)C=CC12C)C3CC(O)C4(O)C(=O)CO
170,540-36-3,p-difluorobenzene,-1.97,c1cc(F)ccc1F
150,108-90-7,chlorobenzene,-2.38,c1ccccc1Cl
807,?,2-Methylcyclohexanone,-0.94,C1CCCC(C)C1=O
529,125-33-7,primidone,-2.64,CCC1(C(=O)NCNC1=O)c2ccccc2
1175,103-90-2,4-hydroxyacetanilide,-1.03,O=C(Nc(ccc(O)c1)c1)C
182,33146-45-1,"2,6-PCB",-5.21,c1ccccc1c2c(Cl)cccc2Cl
237,590-36-3,2-methyl-2-pentanol,-0.49,OC(CCC)(C)C
511,61-57-4,niridazole,-3.22,O=C1NCCN1c2ncc(s2)N(=O)=O
99,75-34-3,"1,1-dichloroethane",-1.29,ClC(Cl)C
1274,58-38-8,Prochlorperazine,-4.4,CN4CCN(CCCN2c1ccccc1Sc3ccc(Cl)cc23)CC4
428,106-41-2,4-bromophenol,-1.09,Oc(ccc(c1)Br)c1
262,31367-46-1,3-methyl-2-heptanol,-1.72,CCCCC(C)C(C)O
959,14293-44-8,Xipamide,-3.79,c1c(S(=O)(=O)N)c(Cl)cc(O)c1C(=O)Nc2c(C)cccc2C
394,75-56-9,propylene_oxide,-0.59,O(C1C)C1
1006,20168-99-4,Cinmetacin,-5.54,c1c(OC)cc2c(CC(=O)O)c(C)n(C(=O)C=Cc3ccccc3)c2c1
112,142-28-9,"1,3-dichloropropane",-1.62,ClCCCCl
996,53-43-0,Prasterone,-4.12,C1C(O)CC2=CCC3C4CCC(=O)C4(C)CCC3C2(C)C1
277,100-51-6,phenylmethanol,-0.4,c1ccccc1CO
315,84-65-1,anthraquinone,-5.19,O=C(c(c(C(=O)c1cccc2)ccc3)c3)c12
1212,71-30-7,Cytosine,-1.14,N1C(=O)N=C(N)C=C1
279,90-01-7,salicyl_alcohol,-0.29,OCc(c(O)ccc1)c1
186,38444-81-4,"2,3´,5-PCB",-6.01,c1ccc(Cl)cc1c2c(Cl)ccc(Cl)c2
749,50-71-5,Alloxan,-1.25,O=C(NC(=O)C(=O)C1=O)N1
1137,100-61-8,N-methylaniline,-1.28,c1ccccc1NC
817,121-34-6,Vanillic_Acid,-2.05,O=C(O)c(ccc(O)c1OC)c1
1237,112-05-0,Pelargonic_Acid,-2.75,O=C(O)CCCCCCCC
1144,109-97-7,pyrrole,-0.17,c1cccn1(H)
898,786-19-6,Carbophenothion,-5.74,CCOP(=S)(OCC)SCSc1ccc(Cl)cc1
581,107-13-1,acrylonitrile,0.15,C=CC#N
639,555-37-3,neburon,-4.77,CCCCN(C)C(=O)Nc1ccc(Cl)c(Cl)c1
923,229-87-8,Phenanthridine,-2.78,c1ccc2c(c1)cnc3ccccc23
1160,723-46-6,sulfamethoxazole,-2.62,Cc1cc(NS(=O)(=O)c2ccc(N)cc2)no1
141,79-01-6,trichloroethylene,-1.96,ClC=C(Cl)Cl
508,58-94-6,chlorothiazide,-3.05,NS(=O)(=O)c1c(Cl)cc2N=CNS(=O)(=O)c2c1
1181,1897-45-6,chlorothalonil,-5.64,N#Cc(c(c(c(c1C#N)Cl)Cl)Cl)c1Cl
870,25057-89-0,Bentazon,-2.68,O=C(N(S(=O)(=O)Nc1cccc2)C(C)C)c12
623,106-47-8,4-chloroaniline,-1.66,Nc(ccc(c1)Cl)c1
1244,14073-97-3,l-Menthone,-2.49,O=C(C(CCC1C)C(C)C)C1
1265,51218-45-2,Metolachlor,-2.73,CCc1cccc(C)c1N(C(C)COC)C(=O)CCl
1112,109-94-4,ethyl_formate,0.15,O=COCC
628,1194-65-6,"2,6-dichlorobenzonitrile",-4.24,Clc1cccc(Cl)c1C#N
209,38380-08-4,"2,3,3´,4,4´,5-PCB",-7.82,c1cc(Cl)c(Cl)cc1c2c(Cl)c(Cl)c(Cl)c(Cl)c2
1081,580-13-2,2-bromonaphthalene,-4.4,c(c(ccc1Br)ccc2)(c2)c1
1078,38380-07-3,"2,2´,3,3´,4,4´-PCB",-8.01,c1cc(Cl)c(Cl)c(Cl)c1c2c(Cl)c(Cl)c(Cl)cc2
160,87-61-6,"1,2,3-trichlorobenzene",-4.0,c1ccc(Cl)c(Cl)c1Cl
106,76-13-1,"1,1,2-trichlorotrifluoroethane",-3.04,ClC(Cl)(F)C(F)(F)Cl
478,110-02-1,thiophene,-1.45,s1cccc1
695,51-98-9,norethisterone_acetate,-4.79,CC(=O)OC3(CCC4C2CCC1=CC(=O)CCC1C2CCC34C)C#C
961,12771-68-5,Ancymidol,-2.6,COc1ccc(cc1)C(O)(C2CC2)c3cncnc3
928,2487-01-6,Medinoterb_Acetate,-4.47,CC(=O)Oc1c(N(=O)(=O))c(C)c(N(=O)(=O))cc1C(C)(C)C
895,485-35-8,Cytisine,0.36,C1=CC(=O)N2CC(C3)CNCC3C2=C1
1044,218-01-9,chrysene,-8.06,c1ccc2ccc3c4ccccc4ccc3c2c1
206,35065-28-2,"2,2´,3,4,4´,5´-PCB",-8.32,c1cc(Cl)c(Cl)c(Cl)c1c2c(Cl)cc(Cl)c(Cl)c2
1156,126-07-8,griseofulvin,-4.61,COC1=CC(=O)CC(C)C13Oc2c(Cl)c(OC)cc(OC)c2C3=O
168,106-38-7,p-bromotoluene,-3.19,c1cc(Br)ccc1C
1099,124-19-6,nonanal,-3.17,O=CCCCCCCCC
857,3734-48-3,Chlordene,-5.64,ClC1=C(Cl)C(Cl)(C2(Cl)Cl)C3CC=CC3C12Cl
938,530-78-9,Flufenamic_Acid,-4.36,OC(=O)c1ccccc1Nc2cc(C(F)(F)F)ccc2
214,52712-05-7,"2,2´,3,4,5,5´,6-PCB",-8.94,c1c(Cl)ccc(Cl)c1c2c(Cl)c(Cl)c(Cl)c(Cl)c2Cl
325,110-44-1,sorbic_acid,-1.77,O=C(O)C=CC=CC
643,1582-09-8,trifluralin,-5.68,CCCN(CCC)c1c(cc(cc1N(=O)=O)C(F)(F)F)N(=O)=O
560,38304-91-5,minoxidil,-1.98,C1CCCCN1c2nc(N)n(=O)c(N)c2
1273,2363-58-8,Epitiostanol,-5.41,C1(S5)C5CC2CCC3C4CCC(O)C4(C)CCC3C2(C)C1
682,122-85-0,4-formylacetanilide,-1.58,O=C(Nc(ccc(c1)C=O)c1)C
592,621-84-1,O-benzyl_carbamate,-0.35,O=C(OCc1ccccc1)N
193,41464-40-8,"2,2´,4,5´-PCB",-6.57,c1cc(Cl)cc(Cl)c1c2c(Cl)ccc(Cl)c2
995,382-45-6,Adrenosterone,-3.48,C1C(=O)C=C2CCC3C4CCC(=O)C4(C)CC(=O)C3C2(C)C1
1158,357-57-3,brucine,-2.09,O=C(N(c(c(C1(C(N(C2)CC(C3C4C5OC6)=C6)C3)C2)cc(OC)c7OC)c7)C14)C5
549,1929-82-4,nitrapyrin,-3.76,n(c(ccc1)C(Cl)(Cl)Cl)c1Cl
805,57-67-0,Sulfaguanidine,-1.99,c1cc(N)ccc1S(=O)(=O)NC(=N)N
523,91-64-5,coumarin,-1.89,c1cc2OC(=O)C=Cc2cc1
403,50-02-2,dexamethasone,-3.64,C1(=O)C=C2CCC3C4CC(C)C(O)(C(=O)CO)C4(C)CC(O)C3(F)C2(C)C=C1
178,13029-08-8,"2,2´-PCB",-5.27,c1cccc(Cl)c1c2c(Cl)cccc2
1153,76-76-6,probarbital,-2.21,C(C)(C)C1(CC)C(=O)NC(=O)NC1(=O)
1092,112-30-1,1-decanol,-3.63,OCCCCCCCCCC
54,91-57-6,2-methylnaphthalene,-3.77,Cc1ccc2ccccc2c1
437,72-43-5,methoxychlor,-6.89,COc1ccc(cc1)C(c2ccc(OC)cc2)C(Cl)(Cl)Cl
1141,119-65-3,isoquinoline,-1.45,c1ccc2cnccc2c1
736,91-81-6,tripelenamine,-2.64,n(c(N(Cc(cccc1)c1)CCN(C)C)ccc2)c2
1060,590-12-5,"1,2-dibromoethylene",-1.32,BrC=CBr
663,298-00-0,parathion_methyl,-3.68,COP(=S)(OC)Oc1ccc(cc1)N(=O)=O
268,122-97-4,3-phenylpropanol,-1.38,OCCCc(cccc1)c1
551,5131-24-8,ditalimfos,-3.35,CCOP(=S)(OCC)N2C(=O)c1ccccc1C2=O
1052,540-54-5,1-chloropropane,-1.47,CCCCl
1204,13110-37-7,pentyl-4-aminobenzoate,-3.26,CCCCCOC(=O)c1ccc(N)cc1
780,708-79-2,1-Methyluric_Acid,-1.56,CN1C(=O)NC(NC2=O)=C(N2)C1=O
690,28805-78-9,isonoruron,-3.01,O=C(NC1C2C3CCCC3C(C1)C2)N(C)C
989,81-81-2,Warfarin,-3.89,c1ccc2C(O)=C(C(c3ccccc3)CC(=O)C)C(=O)Oc2c1
1260,83-26-1,Pindone,-4.11,O=C(C(C(=O)c(c1ccc2)c2)C1=O)C(C)(C)C
907,2432-99-7,11-Aminoundecanoic_Acid,-2.7,O=C(O)CCCCCCCCCCN
385,111-43-3,dipropyl_ether,-1.62,CCCOCCC
578,616-45-5,pyrrolidone,1.07,O=C(NCC1)C1
651,103-85-5,1-phenylthiourea,-1.77,NC(=S)Nc(cccc1)c1
116,96-12-8,"1,2-dibromo-3-chloropropane",-2.38,BrCC(Br)CCl
228,75-85-4,2-ethyl-2-propanol,0.08,CC(O)(CC)C
809,85-44-9,Phthalic_Anhydride,-1.39,O=C(OC(=O)c1cccc2)c12
163,2367-82-0,"1,2,3,5-tetrafluorobenzene",-2.31,c1c(F)cc(F)c(F)c1F
580,694-85-9,N-methyl-2-pyridone,0.96,CN1C(=O)C=CC=C1
300,107-87-9,2-pentanone,-0.19,O=C(CCC)C
524,94-19-9,sulfaethidole,-1.94,CCc2nnc(NS(=O)(=O)c1ccc(N)cc1)s2
453,103-69-5,N-ethylaniline,-1.7,c1ccccc1NCC
366,106-32-1,ethyl_caprylate,-3.39,O=C(OCC)CCCCCCC
1053,75-30-9,2-iodopropane,-2.09,CC(I)C
667,2104-96-3,bromophos,-6.09,COP(=S)(OC)Oc1cc(Cl)c(Br)cc1Cl
1191,18181-70-9,iodofenphos,-6.62,COP(=S)(OC)Oc1cc(Cl)c(I)cc1Cl
1169,872-50-4,N-methylpyrrolidone,1.0,O=C1CCCN1C
794,?,2-Methylpteridine,-0.12,c1cnc2c(C)ncnc2n1
1013,57-62-5,Chlortetracycline,-2.88,O=C(N)C(=C(O)C(N(C)C)C(C1(O)C(O)=C(C2C(O)(c(c3c(O)cc4)c4Cl)C)C3=O)C2)C1=O
638,1918-16-7,propachlor,-2.48,CC(C)N(C(=O)CCl)c1ccccc1
317,144-62-7,oxalic_acid,0.38,OC(=O)C(=O)O
598,538-32-9,benzylurea,-0.95,NC(=O)NCc1ccccc1
1121,1634-04-4,methyl_t-butyl_ether,-0.24,COC(C)(C)C
203,35065-27-1,"2,2´,4,4´5,5´-PCB",-8.56,c1c(Cl)c(Cl)cc(Cl)c1c2c(Cl)cc(Cl)c(Cl)c2
660,298-04-4,disulfoton,-4.23,CCOP(=S)(OCC)SCCSCC
456,122-39-4,diphenylamine,-3.51,c1ccccc1Nc2ccccc2
992,60-89-9,Mepazine,-4.74,c1ccc2Sc3ccccc3N(CC4CN(C)CCC4)c2c1
261,104-76-7,2-ethyl-1-hexanol,-2.11,OCC(CCCC)CC
613,100-02-7,4-nitrophenol,-0.74,O=N(=O)c(ccc(O)c1)c1
705,63-91-2,L-tryptophan,-1.23,O=C(O)C(N)Cc(cccc1)c1
711,93-60-7,methyl_nicotinate,-0.46,O=C(OC)c(cccn1)c1
1202,94-26-8,butyl-p-hydroxybenzoate,-2.72,O=C(OCCCC)c(ccc(O)c1)c1
326,65-85-0,benzoic_acid,-1.55,O=C(O)c(cccc1)c1
265,60-12-8,2-phenylethanol,-0.74,c1ccccc1CCO
98,75-03-6,iodoethane,-1.6,CCI
648,886-50-0,terbutryne,-4.0,CCNc1nc(NC(C)(C)C)nc(SC)n1
251,3121-79-7,"4,4-dimethyl-1-pentanol",-1.55,OCCCC(C)(C)C
1096,89-83-8,thymol,-2.22,Oc(c(ccc1C)C(C)C)c1
75,192-97-2,benzo(e)pyrene,-7.8,c1ccc2c(c1)c4cccc5ccc3cccc2c3c45
484,289-80-5,pyridazine,1.1,n(nccc1)c1
686,85-79-0,dibucaine,-3.7,CCCCOc2cc(C(=O)NCCN(CC)CC)c1ccccc1n2
205,52704-70-8,"2,2´,3,3´,5´,6-PCB",-8.6,Clc1cc(Cl)c(Cl)cc1c2c(Cl)c(Cl)cc(Cl)c2
569,77-21-4,2-ethyl-2-phenylgluterimide,-2.34,CCC1(CCC(=O)NC1=O)c2ccccc2
1267,60168-88-9,Fenarimol,-4.38,n(cc(C(O)(c(ccc(c1)Cl)c1)c(c(ccc2)Cl)c2)cn3)c3
460,583-61-9,"2,3-dimethylpyridine",0.38,c1ccc(C)c(C)n1
1225,51-52-5,Propylthiouracil,-2.15,N1C(=S)NC(=O)C=C1CCC
675,96-50-4,2-aminothiazole,-0.36,s1c(N)ncc1
545,664-95-9,tolcyclamide,-4.21,c1cc(C)ccc1S(=O)(=O)NC(=O)NC2CCCCC2
1205,92-94-4,p-terphenyl,-7.11,c(c(cccc1)c1)(ccc(c(cccc2)c2)c3)c3
887,486-64-6,Vasicinone,-2.07,c1ccc2C(O)N3CCC(O)C3=Nc2c1
213,52663-71-5,"2,2´,3,3´,4,4´,6-PCB",-8.3,c1cc(Cl)c(Cl)c(Cl)c1c2c(Cl)c(Cl)c(Cl)cc2Cl
73,50-32-8,benzo(a)pyrene,-8.19,c(c(c(cc1)ccc2)c2cc3)(c3cc(c4ccc5)c5)c14
561,53808-87-0,tetroxoprim,-2.1,n1c(N)nc(N)c(Cc2cc(OC)c(OCCOC)c(OC)c2)c1
44,135-98-8,2-butylbenzene,-3.89,c1ccccc1C(C)CC
636,330-55-2,linuron,-3.52,O=C(N(OC)C)Nc(ccc(c1Cl)Cl)c1
0,109-66-0,n-pentane,-3.18,CCCCC
374,84-66-2,diethyl_phthalate,-2.35,O=C(OCC)c(c(ccc1)C(=O)OCC)c1
50,101-81-5,diphenylmethane,-4.17,c1ccccc1Cc2ccccc2
631,21725-46-2,cyanazine,-3.15,CCNc1nc(Cl)nc(NC(C)(C)C#N)n1
1016,57-85-2,Testosterone_Propionate,-5.37,O=C(OC(C(C(C(C(C(C(=CC(=O)C1)C2)(C1)C)C3)C2)C4)(C3)C)C4)CC
1143,461-98-3,"2,6-dimethyl-4-pyrimidinamine",-1.28,n1c(C)nc(N)cc1C
1077,52712-04-6,"2,2´,3,4,5,5´-PCB",-7.68,c1c(Cl)ccc(Cl)c1c2c(Cl)c(Cl)c(Cl)c(Cl)c2
559,36330-85-5,fenbufen,-5.06,c1ccccc1c2ccc(C(=O)CCC(=O)O)cc2
910,27314-13-2,Norflurazon,-4.04,c1c(C(F)(F)F)cccc1N2C(=O)C(Cl)=C(NC)C=N2
452,100-46-9,benzylamine,-1.53,c1ccccc1CN
1031,544-25-2,cycloheptatriene,-2.15,C1=CC=CC=CC1
247,589-82-2,3-heptanol,-1.47,CCCCC(O)CC
541,509-86-4,heptabarbital,-3.0,CCC1(C(=O)NC(=O)NC1=O)C2=CCCCCC2
718,131-17-9,diallyl_phthalate,-3.13,O=C(OCC=C)c(c(ccc1)C(=O)OCC=C)c1
683,622-50-4,4-iodoacetanilide,-3.25,O=C(Nc(ccc(c1)I)c1)C
1264,19666-30-9,Oxadiazon,-5.69,CC(C)Oc1cc(c(Cl)cc1Cl)N2N=C(OC2=O)C(C)(C)C
258,597-49-9,3-ethyl-3-pentanol,-0.85,OC(CC)(CC)CC
1073,33284-53-6,"2,3,4,5-PCB",-7.16,c1ccccc1c2c(Cl)c(Cl)c(Cl)c(Cl)c2
902,23103-98-2,Pirimicarb,-1.95,CN(C)C(=O)Oc1nc(nc(C)c1C)N(C)C
136,629-06-1,1-chloroheptane,-3.99,CCCCCCCCl
396,96-47-9,2-methyltetrahydrofuran,0.11,O(C(CC1)C)C1
750,480-68-2,5-Nitrobarbituric_Acid,-2.28,O=C(NC(=O)C(N(=O)=O)C1=O)N1
439,121-44-8,triethylamine,-0.14,CCN(CC)CC
1042,781-43-1,"9,10-dimethylanthracene",-6.57,Cc2c1ccccc1c(C)c3ccccc23
926,87-47-8,Pyrolan,-2.09,CN(C)C(=O)Oc1cc(C)nn1c2ccccc2
1063,108-86-1,bromobenzene,-2.55,c1ccccc1Br
288,90-00-6,o-ethylphenol,-1.36,Oc(c(ccc1)CC)c1
295,107-02-8,acrolein,0.57,O=CC=C
29,71-43-2,benzene,-1.64,c1ccccc1
162,608-21-9,"1,2,3-tribromobenzene",-5.04,c1ccc(Br)c(Br)c1Br
528,122-11-2,sulfadimethoxine,-2.96,c1cc(N)ccc1S(=O)(=O)Nc2nc(OC)nc(OC)c2
548,1156-19-0,tolazamide,-3.68,Cc1ccc(cc1)S(=O)(=O)NC(=O)NN2CCCCCC2
500,56-75-7,chloramphenicol,-2.11,O=C(NC(C(O)c(ccc(N(=O)=O)c1)c1)CO)C(Cl)Cl
1200,60-18-4,L-tyrosine,-2.57,O=C(O)C(N)Cc(ccc(O)c1)c1
1125,111-76-2,2-butoxyethanol,-0.42,CCCCOCCO
479,119-91-5,biquinoline,-5.4,n(c(c(ccc1)cc2)c1)c2c(nc(c(ccc3)c4)c3)c4
59,208-96-8,acenaphthylene,-3.96,c1ccc2cccc3c2c1C=C3
498,56-29-1,hexabarital,-2.74,CN2C(=O)NC(=O)C(C)(C1=CCCCC1)C2=O
921,50-65-7,Niclosamide,-4.7,Clc1cc(N(=O)(=O))ccc1NC(=O)c2cc(Cl)ccc2O
281,105-67-9,"2,4-dimethylphenol",-1.19,c1cc(C)cc(C)c1O
166,634-66-2,"1,2,3,4-tetrachlorobenzene",-4.57,c1cc(Cl)c(Cl)c(Cl)c1Cl
34,103-65-1,n-propylbenzene,-3.37,c1ccccc1CCC
185,35693-92-6,"2,4,6-PCB",-6.14,c1ccccc1c2c(Cl)cc(Cl)cc2Cl
269,122-99-6,2-phenoxyethanol,-0.71,OCCOc(cccc1)c1
1229,119-68-6,N-Methylanthranilic_Acid,-2.88,O=C(O)c(c(NC)ccc1)c1
979,15299-99-7,Napropamide,-3.57,CCN(CC)C(=O)C(C)Oc1cccc2ccccc12
1256,41483-43-6,Bupirimate,-4.16,CCCCc1c(C)nc(NCC)nc1OS(=O)(=O)N(C)C
1040,575-41-7,"1,3-dimethylnaphthalene",-4.29,c1c(C)cc2ccccc2c1C
1050,107-06-2,"1,2-dichloroethane",-1.06,ClCCCl
588,598-55-0,O-methyl_carbamate,0.97,O=C(OC)N
672,474-25-9,chenodeoxycholic_acid,-3.64,CC(CCC(O)=O)C3CCC4C2C(O)CC1CC(O)CCC1(C)C2CCC34C
1216,626-48-2,6-Methyluracil,-1.26,N1C(=O)NC(=O)C=C1C
754,97-59-6,Allantoin,-1.6,O=C(NC(NC(=O)N1)C1=O)N
1087,543-49-7,2-heptanol,-1.55,OC(CCCCC)C
510,60-87-7,promethazine,-4.26,c1ccc2Sc3ccccc3N(CC(C)N(C)C)c2c1
210,74472-42-7,"2,3,3´,4,4´6-PCB",-7.66,c1cc(Cl)c(Cl)cc1c2c(Cl)c(Cl)c(Cl)cc2Cl
877,120-07-0,N-Phenyldiethanolamine,-0.73,OCCN(c(cccc1)c1)CCO
916,16118-49-3,Carbetamide,-1.83,CCNC(=O)C(C)OC(=O)Nc1ccccc1
758,80-60-4,alpha-Aminobutyric_Acid,0.31,CCC(N)C(=O)O
398,132-64-9,dibenzofuran,-4.6,o(c(c(c1cccc2)ccc3)c3)c12
726,100-68-5,thioanisole,-2.39,S(c(cccc1)c1)C
349,554-12-1,methyl_propionate,-0.14,O=C(OC)CC
557,22204-53-1,naprosyn,-4.16,COc2ccc1cc(ccc1c2)C(C)C(O)=O
445,111-92-2,n-dibutylamine,-1.44,CCCCNCCCC
662,5598-13-0,chlorpyriphos_methyl,-4.82,COP(=S)(OC)Oc1nc(Cl)c(Cl)cc1Cl
377,85-68-7,benzyl_butyl_phthalate,-5.64,O=C(OCc(cccc1)c1)c(c(ccc2)C(=O)OCCCC)c2
1023,751-97-3,Rolitetracycline,-1.42,c12C(=O)C3=C(O)C4(O)C(=O)C=C(O)C(N(C)C)C4CC3C(O)(C)c1cccc2
509,59-46-1,procaine,-1.4,O=C(OCCN(CC)CC)c(ccc(N)c1)c1
899,2032-59-9,Aminocarb,-2.36,CNC(=O)Oc1ccc(N(C)C)c(C)c1
579,626-67-5,N-methylpiperidine,0.23,N(CCCC1)(C1)C
1039,1127-76-0,1-ethylnaphthalene,-4.17,c1ccc2ccccc2c1CC
883,470-82-6,Eucalyptol,-1.64,O(C(CCC1C2)(C2)C)C1(C)C
1142,59-67-6,nicotinic_acid,-0.84,O=C(O)c(cccn1)c1
1115,105-66-8,propyl_butyrate,-1.92,O=C(OCCC)CCC
224,78-92-2,2-butanol,0.43,CCC(O)C
816,?,Cyclohexanol_Acetate,-1.67,C1CCCCC1OC(=O)C
10,291-64-5,cycloheptane,-3.52,C1CCCCCC1
1228,119-36-8,Methyl_Salicylate,-2.34,O=C(OC)c(c(O)ccc1)c1
4,75-83-2,"2,2-dimethylbutane",-3.55,CCC(C)(C)C
520,77-28-1,5-butyl-5-ethylbarbituric_acid,-1.64,CCCCC1(CC)C(=O)NC(=O)NC1=O
100,107-04-0,1-chloro-2-bromoethane,-1.32,ClCCBr
1036,538-93-2,isobutylbenzene,-4.12,c1ccccc1CC(C)C
449,95-53-4,2-methylaniline,-0.85,c1cccc(C)c1N
355,624-24-8,methyl_valerate,-1.36,O=C(OC)CCCC
448,624-18-0,"1,4-benzenediamine",-0.38,c1cc(N)ccc1N
654,70-55-3,4-toluenesulfonamide,-1.74,O=S(=O)(N)c(ccc(c1)C)c1
1132,95-57-8,2-chlorophenol,-1.06,Oc(c(ccc1)Cl)c1
96,558-13-4,tetrabromomethane,-3.14,BrC(Br)(Br)Br
424,96-23-1,"1,3-dichloro-2-propanol",-0.11,ClCC(O)CCl
51,86-73-7,fluorene,-4.91,c(c(c(c1ccc2)c2)ccc3)(c3)C1
190,38444-93-8,"2,2´,3,3´-PCB",-7.28,c1ccc(Cl)c(Cl)c1c2c(Cl)c(Cl)ccc2
521,77-65-6,carbromal,-2.68,O=C(NC(=O)C(Br)(CC)CC)N
152,106-46-7,"1,4-dichlorobenzene",-3.27,c1cc(Cl)ccc1Cl
640,5902-51-2,terbacil,-2.48,CC1=C(Cl)C(=O)N(C(C)(C)C)C(=O)N1
668,299-84-3,ronnel,-5.72,COP(=S)(OC)Oc1cc(Cl)c(Cl)cc1Cl
1070,34883-43-7,"2,4´-PCB",-5.28,c1cc(Cl)ccc1c2c(Cl)cccc2
1166,66-81-9,cycloheximide,-1.13,CC1CC(C)C(=O)C(C1)C(O)CC2CC(=O)NC(=O)C2
868,15271-41-7,Tranid,-2.08,CNC(=O)ON=C1C(C2)C(C#N)CC2C1Cl
625,95-76-1,"3,4-dichloroaniline",-3.24,Nc(ccc(c1Cl)Cl)c1
727,103-70-8,formanilide,-0.68,O=CNc(cccc1)c1
146,106-95-6,3-bromopropylene,-1.5,C=CCBr
936,1022-46-4,"2-Phenyl-3,1-benzoxazin-4-one",-4.61,c1ccc2C(=O)N=C(c3ccccc3)Oc2c1
216,40186-72-9,"2,2´,3,3´,4,4´,5,5´,6-PCB",-10.26,c1c(Cl)c(Cl)c(Cl)c(Cl)c1c2c(Cl)c(Cl)c(Cl)c(Cl)c2Cl
1210,141-84-4,Rhodanine,-1.77,O=C(NC(=S)S1)C1
678,16529-66-1,3-pentenenitrile,-0.96,N#CCC=CC
1155,97-77-8,disulfiram,-4.86,N(C(=S)SSC(N(CC)CC)=S)(CC)CC
66,613-12-7,2-methylanthracene,-6.96,Cc1cc2cc3ccccc3cc2cc1
465,91-22-5,quinoline,-1.3,n(c(c(ccc1)cc2)c1)c2
819,?,m-Aminoacetophenone,-1.28,c1ccc(N)cc1C(=O)C
252,627-59-8,5-methyl-2-hexanol,-1.38,CC(O)CCC(C)C
335,87-51-4,indole-3-acetic_acid,-2.07,O=C(O)CC(c(c(N1(H))ccc2)c2)=C1
893,729-99-7,Sulfamoxole,-2.44,c1cc(N)ccc1S(=O)(=O)Nc2nc(C)c(C)o2
760,72-19-5,Threonine,-0.09,O=C(O)C(N)C(O)C
1199,1918-02-1,picloram,-2.75,Nc1c(Cl)c(Cl)nc(C(O)=O)c1Cl
318,107-92-6,butyric_acid,-0.19,CCCC(=O)O
419,99-96-7,p-hydroxybenzoic_acid,-1.41,O=C(O)c(ccc(O)c1)c1
1253,136-77-6,4-Hexylresorcinol,-2.59,Oc(c(ccc1O)CCCCCC)c1
864,116-44-9,Sulfapyrazine,-3.7,c1cc(N)ccc1S(=O)(=O)Nc2cnccn2
58,581-40-8,"2,3-dimethylnaphthalene",-4.72,Cc1c(C)cc2ccccc2c1
1037,1077-16-3,n-hexylbenzene,-5.21,c1ccccc1CCCCCC
942,37924-13-3,Perfluidone,-3.8,Cc1cc(ccc1NS(=O)(=O)C(F)(F)F)S(=O)(=O)c2ccccc2
157,106-37-6,"1,4-dibromobenzene",-4.07,c1cc(Br)ccc1Br
97,74-96-4,bromoethane,-1.09,CCBr
467,553-26-4,"4,4´-bipyridine",-1.54,n(ccc(c1)c(ccnc2)c2)c1
575,123-75-1,pyrrolidine,1.15,N(CCC1)C1
1065,108-36-1,"1,3-dibromobenzene",-3.54,c1ccc(Br)cc1Br
372,131-11-3,dimethyl_phthalate,-1.66,O=C(OC)c(c(ccc1)C(=O)OC)c1
1279,10238-21-8,Glyburide,-5.09,c1c(Cl)ccc(OC)c1C(=O)NCCc2ccc(S(=O)(=O)NC(=O)NC3CCCCC3)cc2
38,622-96-8,1-ethyl-4-methylbenzene,-3.11,c1cc(C)ccc1CC
931,18559-94-9,Salbutamol,-1.22,c1c(CO)c(O)ccc1C(O)CNC(C)(C)C
519,77-27-0,thiamylal,-3.46,O=C1NC(=S)NC(=O)C1(CC=C)C(C)CCC
1095,108-39-4,m-cresol,-0.68,c1ccc(C)cc1O
358,628-63-7,amyl_acetate,-1.89,O=C(OCCCCC)C
572,109-02-4,N-methylmorpholine,1.0,O(CCN(C1)C)C1
240,624-95-3,"3,3-dimethyl-1-butanol",-0.5,OCCC(C)(C)C
862,14437-17-3,Chlorfenprop-methyl,-3.77,COC(=O)C(Cl)Cc1ccc(Cl)cc1
1043,92-24-0,naphthacene,-8.6,c(c(cc(c1ccc2)c2)cc(c3ccc4)c4)(c1)c3
342,495-69-2,hippuric_acid,-1.68,O=C(NCC(=O)O)c(cccc1)c1
843,492-38-6,Atropic_Acid,-2.06,c1ccccc1C(=C)C(=O)O
1021,1107-99-9,Prednisolone-21-Trimethylacetate,-4.58,O=C1C=C2CCC3C4CCC(O)(C(=O)COC(=O)C(C)(C)C)C4(C)CC(O)C3C2(C)C=C1
650,105-55-5,"1,3-diethylthiourea",-1.46,CCNC(=S)NCC
1259,579-44-2,Benzoin,-2.85,c1ccccc1C(=O)Oc2ccccc2
493,50-53-3,chlorpromazine,-5.01,CN(C)CCCN2c1ccccc1Sc3ccc(Cl)cc23
768,56-04-2,Methylthiouracil,-2.43,n(c(O)cc(n1)C)c1S
156,106-39-8,1-bromo-4-chlorobenzene,-3.63,c1cc(Cl)ccc1Br
556,15687-27-1,ibuprofen,-3.99,O=C(O)C(c(ccc(c1)CC(C)C)c1)C
248,589-55-9,4-heptanol,-1.4,CCCC(O)CCC
810,85-34-7,Chlorfenac,-3.08,O=C(O)Cc(c(ccc1Cl)Cl)c1Cl
323,143-07-7,vulvic_acid,-4.62,O=C(O)CCCCCCCCCCC
998,53-41-8,Androsterone,-4.4,C1C(O)CC2CCC3C4CCC(=O)C4(C)CCC3C2(C)C1
429,120-83-2,"2,4-dichlorophenol",-1.55,c1cc(Cl)cc(Cl)c1O
239,1185-33-7,"2,2-dimethyl-1-butanol",-1.04,CCC(C)(C)CO
416,1177-87-3,dexamethasone-17-acetate,-4.9,C1(=O)C=C2CCC3C4CC(C)C(O)(C(=O)COC(=O)C)C4(C)CC(O)C3(F)C2(C)C=C1
585,123-30-8,4-aminophenol,-0.8,Oc(ccc(N)c1)c1
444,104-75-6,2-ethylhexylamine,-1.71,NCC(CCCC)CC
577,615-77-0,1-methyluracil,-0.8,C1=CC(=O)NC(=O)N1C
401,57-48-7,fructose,0.64,O1CC(O)C(O)C(O)C1(O)CO
291,110-62-3,pentanal,-0.85,CCCCC=O
785,488-73-3,d-Quercitol,-0.17,OC1C(O)C(O)C(O)C(O)C1
287,83-56-7,"naphthalene-1,5-diol",-2.92,Oc(c(c(c(O)cc1)cc2)c1)c2
688,31251-03-3,fluotrimazole,-8.4,FC(F)(F)c(cccc1C(n(ncn2)c2)(c(cccc3)c3)c(cccc4)c4)c1
525,97-53-0,eugenol,-1.56,O(c(c(O)ccc1CC=C)c1)C
158,583-53-9,"1,2-dibromobenzene",-3.5,c1cccc(Br)c1Br
80,239-64-5,"13H-dibenzo(a,i)carbazole",-7.42,c1ccc4c(c1)ccc5c3ccc2ccccc2c3n(H)c45
417,2152-44-5,betamethasone-17-valerate,-4.71,C1=CC(=O)C=C2CCC3C4CC(C)C(OC(=O)CCCC)(C(=O)CO)C4(C)CC(O)C3(F)C12C
494,52-31-3,cyclobarbital,-2.17,CCC1(C(=O)NC(=O)NC1=O)C2=CCCCC2
856,2029-64-3,n-Octyl_Carbamate,-3.3,CCCCCCCCOC(=O)N
599,60-35-5,acetamide,1.58,CC(=O)N
1186,62-56-6,thiourea,0.32,NC(=S)N
1177,86-57-7,1-nitronaphthalene,-3.54,O=N(=O)c(c(c(ccc1)cc2)c1)c2
716,103-36-6,ethyl_cinnamate,-3.0,O=C(OCC)C=Cc(cccc1)c1
329,103-82-2,phenylacetic_acid,-0.89,O=C(O)Cc(cccc1)c1
17,591-49-1,1-methylcyclohexene,-3.27,C1CC=C(C)CC1
172,95-49-8,o-chlorotoluene,-3.52,c1cccc(Cl)c1C
642,1836-75-5,nitrofen,-5.46,O=N(=O)c(ccc(Oc(c(cc(c1)Cl)Cl)c1)c2)c2
697,1689-83-4,ioxynil,-3.61,Oc1c(I)cc(C#N)cc1I
333,77-06-5,gibberellic_acid,-1.84,O=C(OC(C1C(C2(CC(O)(C3=C)CC4)C3)C(=O)O)(C24)C=CC5O)C15C
1054,78-75-1,"1,2-dibromopropane",-2.15,BrCC(Br)C
383,625-54-7,ethyl_isopropyl_ether,-0.55,CCOC(C)C
302,108-10-1,4-methyl-2-pentanone,-1.42,O=C(CC(C)C)C
290,123-38-6,propanal,0.58,CCC=O
700,83-88-5,riboflavin,-3.68,Cc1c(C)cc2N=C3C(=O)NC(=O)N=C3N(CC(O)C(O)C(O)CO)c2c1
1270,84-16-2,Hexestrol,-4.43,c1cc(O)ccc1C(CC)C(CC)c2ccc(O)cc2
982,517-09-9,Equilenin,-5.24,c1c(O)cc2ccc3C4CCC(=O)C4(C)CCc3c2c1
1154,80-35-3,sulfamethoxypyridazine,-3.28,COc2ccc(NS(=O)(=O)c1ccc(N)cc1)nn2
946,614-29-9,"DL-1,2-Diphenylethanol",-2.52,OC(c(cccc1)c1)Cc(cccc2)c2
646,108-98-5,thiophenol,-2.12,c1ccccc1S
847,529-64-6,dl-Tropic_Acid,-0.93,OCC(C(O)=O)c1ccccc1
86,205-82-3,benzo(j)fluoranthene,-8.0,c1ccc4c(c1)ccc5c2cccc3cccc(c23)c45
1243,4695-62-9,d-Fenchone,-1.85,O=C(C(CC1C2)(C2)C)C1(C)C
289,90-43-7,2-phenylphenol,-2.39,Oc(c(c(cccc1)c1)ccc2)c2
940,437-50-3,Gentisin,-2.93,Oc1ccc2Oc3cc(OC)cc(O)c3C(=O)c2c1
958,36322-90-4,Piroxicam,-4.16,CN2C(=C(O)c1ccccc1S2(=O)=O)C(=O)Nc3ccccn3
841,41814-78-2,Tricyclazole,-2.07,Cc1cccc2sc3nncn3c12
969,90-39-1,Sparteine,-1.89,C1CCN2CC(C3)C4CCCCN4CC3C2C1
1232,?,"6-Methyl-2,4-heptadione",-1.6,CC(C)CC(=O)CC(=O)C
1105,110-15-6,succinic_acid,-0.2,O=C(O)CCC(=O)O
171,591-17-3,m-bromotoluene,-3.52,c1ccc(Br)cc1C
496,52-67-5,pencillamine,-0.13,CC(C)(S)C(N)C(O)=O
434,118-91-2,o-chlorobenzoic_acid,-1.89,O=C(O)c(c(ccc1)Cl)c1
45,700-12-9,pentamethylbenzene,-4.0,c1c(C)c(C)c(C)c(C)c1C
123,541-33-3,"1,1-dichlorobutane",-2.4,ClC(Cl)CCC
967,96-88-8,"d,l-Mepivacaine",-1.55,O=C(Nc(c(ccc1)C)c1C)C(N(CCC2)C)C2
1072,38444-86-9,"2´,3,4-PCB",-6.29,c1cc(Cl)c(Cl)cc1c2c(Cl)cccc2
1139,134-32-7,1-naphthylamine,-1.92,c(c(c(N)cc1)ccc2)(c2)c1
620,99-09-2,3-nitroaniline,-2.19,O=N(=O)c(cccc1N)c1
538,364-62-5,metoclopramide,-3.18,CCN(CC)CCNC(=O)c1cc(Cl)c(N)cc1OC
121,513-36-0,1-chloro-2-methylpropane,-2.0,CC(C)CCl
202,55215-17-3,"2,2´,3,4,6-PCB",-7.43,Clc1cc(Cl)c(Cl)c(Cl)c1c2c(Cl)cccc2
94,124-48-1,chlorodibromomethane,-1.9,ClC(Br)Br
537,339-43-5,carbutamide,-2.18,O=C(NCCCC)NS(=O)(=O)c(ccc(N)c1)c1
404,50-24-8,prednisolone,-3.21,C1C2=CC(=O)C=CC2(C)C3C(O)CC4(C)C(O)(C(=O)CO)CCC4C3C1
527,117-89-5,trifluoperazine,-4.52,CN4CCN(CCCN2c1ccccc1Sc3ccc(cc23)C(F)(F)F)CC4
597,632-22-4,tetramethylurea,0.94,O=C(N(C)C)N(C)C
285,80-05-7,diphenylolpropane,-2.82,Oc(ccc(c1)C(c(ccc(O)c2)c2)(C)C)c1
591,4248-19-5,O-t-butyl_carbamate,0.1,O=C(OC(C)(C)C)N
1130,69-72-7,salicylic_acid,-1.82,O=C(O)c(c(O)ccc1)c1
195,15968-05-5,"2,2´,6,6´-PCB",-7.39,Clc1cccc(Cl)c1c2c(Cl)cccc2Cl
354,123-86-4,butyl_acetate,-1.24,O=C(OCCCC)C
530,129-20-4,oxyphenbutazone,-3.73,CCCCC1C(=O)N(N(C1=O)c2ccc(O)cc2)c3ccccc3
420,123-08-0,p-hydroxybenzaldehyde,-0.96,O=Cc(ccc(O)c1)c1
974,36653-82-4,Cetyl_Alcohol,-7.26,OCCCCCCCCCCCCCCCC
681,351-83-7,4-fluoroacetanilide,-1.78,O=C(Nc(ccc(c1)F)c1)C
949,10311-84-9,Dialifos,-6.34,c1ccc2C(=O)N(C(CCl)SP(=S)(OCC)OCC)C(=O)c2c1
52,1730-37-6,1-methylfluorene,-5.22,c1ccc2c3ccccc3Cc2c1C
241,97-95-0,2-ethyl-1-butanol,-1.17,OCC(CC)CC
769,?,5-Ethylhydantoin,-0.06,CCC1NC(=O)NC1(=O)
1268,91-75-8,Antazoline,-2.6,N1CCN=C1CN(c2ccccc2)Cc3ccccc3
476,95-14-7,benzotriazole,-0.78,c1ccc2n(H)nnc2c1
1269,84-17-3,Dienestrol,-4.95,c1cc(O)ccc1C(C=C)C(C=C)c2ccc(O)cc2
161,108-70-3,"1,3,5-trichlorobenzene",-4.48,c1c(Cl)cc(Cl)cc1Cl
1100,98-01-1,furfural,-0.1,O=CC(OC=C1)=C1
1010,52-39-1,Aldosterone,-3.85,C1C(=O)C=C2CCC3C4CCC(C(=O)CO)C4(C5O)CC(O5)C3C2(C)C1
79,132-65-0,dibenzothiophene,-4.38,s(c(c(c1cccc2)ccc3)c3)c12
1203,121-79-9,propyl_gallate,-1.78,O=C(OCCC)c(cc(O)c(O)c1O)c1
632,139-40-2,propazine,-4.43,CC(C)Nc1nc(Cl)nc(NC(C)C)n1
871,58-63-9,Inosine,-1.23,OCC1OC(C(O)C1O)n2cnc3C(=O)NC=Nc23
25,627-19-0,1-pentyne,-1.64,CCCC#C
1221,2815-34-1,"trans-2,5-Dimethylpiperazine",0.49,N1C(C)CNC(C)C1
88,53-70-3,"dibenz(a,h)anthracene",-8.66,c(c(c(c(c1)ccc2)c2)cc(c3c(c(c4)ccc5)c5)c4)(c1)c3
1041,120-12-7,anthracene,-6.35,c(c(ccc1)cc(c2ccc3)c3)(c1)c2
948,56-72-4,Coumaphos,-5.38,S=P(OCC)(OCC)Oc1ccc2C(C)=C(Cl)C(=O)Oc2c1
368,96-33-3,methyl_acrylate,-0.22,O=C(OC)C=C
851,59-92-7,Levodopa,-1.6,O=C(O)C(N)Cc(ccc(O)c1O)c1
1245,1198-37-4,"2,4-Dimethylquinoline",-1.94,n(c(c(c(c1)C)ccc2)c2)c1C
388,105-57-7,"1,1-diethoxyethane",-0.43,O(C(OCC)C)CC
12,109-68-2,trans-2-pentene,-2.54,CCC=CC
911,86-30-6,Diphenylnitrosamine,-3.75,O=NN(c(cccc1)c1)c(cccc2)c2
259,111-87-5,1-octanol,-2.39,OCCCCCCCC
22,106-99-0,"1,3-butadiene",-1.87,C=CC=C
253,625-23-0,2-methyl-2-hexanol,-1.08,CCCCC(O)(C)C
767,636-26-0,5-Methyl-2-thiouracil,-2.45,n(cc(c(n1)O)C)c1S
941,614-28-8,Dibenzamid,-2.27,c1ccccc1C(=O)NC(=O)c2ccccc2
489,10004-44-1,3-hydroxy-5-methylisoxazole,-0.07,Cc1cc(O)no1
414,378-44-9,betamethasone,-3.77,C1=CC(=O)C=C2CCC3C4CC(C)C(O)(C(=O)CO)C4(C)CC(O)C3(F)C12C
802,149-91-7,Gallic_Acid,-1.16,O=C(O)c(cc(O)c(O)c1O)c1
993,33089-61-1,Amitraz,-5.47,CN(C=Nc1ccc(C)cc1C)C=Nc2ccc(C)cc2C
301,591-78-6,2-hexanone,-0.8,O=C(CCCC)C
803,65-45-2,Salicylamide,-1.76,O=C(N)c(c(O)ccc1)c1
321,124-04-9,adipic_acid,-0.82,O=C(O)CCCCC(=O)O
118,109-69-3,1-chlorobutane,-2.03,CCCCCl
1167,110-85-0,piperazine,1.07,N(CCNC1)C1
393,28299-41-4,ditolyl_ether,-4.85,Cc1cccc(c1)Oc2cccc(c2)C
708,2303-17-5,triallate,-4.88,CC(C)N(C(C)C)C(=O)SCC(Cl)=C(Cl)Cl
1214,597-35-3,Diethyl_Sulfone,0.04,CCS(=O)(=O)CC
1238,1698-60-8,Pyrazon,-2.87,c1ccccc1N2C(=O)C(Cl)=C(N)C=N2
412,76-25-5,triamcinolone_acetonide,-4.32,O=C1C=C2CCC3C4CC5OC(C)(C)OC5(C(=O)CO)C4(C)CC(O)C3(F)C2(C)C=C1
1011,853-23-6,"5,6-Dehydroisoandrosterone_Acetate",-4.46,C1C(OC(=O)C)CC2=CCC3C4CCC(=O)C4(C)CCC3C2(C)C1
849,620-71-3,Propionanilide,-1.92,c1ccccc1NC(=O)CC
433,79-11-8,chloroacetic_acid,0.93,O=C(O)CCl
507,58-93-5,hydrochlorthiazide,-2.62,O=S(=O)(N)c(c(cc(NCNS1(=O)=O)c12)Cl)c2
1084,19550-30-2,"2,3-dimethylbutanol",-0.39,CC(C)C(C)CO
405,52-01-7,spironolactone,-4.28,O=C(OC(C(C(C(C(C(C(=CC(=O)C1)C2)(C1)C)C3)C2SC(=O)C)C4)(C3)C)(C4)C5)C5
9,111-65-9,n-octane,-5.24,CCCCCCCC
1124,96-09-3,styrene_oxide,-1.6,O(C1c(cccc2)c2)C1
514,69-23-8,fluphenazine,-4.15,OCCN4CCN(CCCN2c1ccccc1Sc3ccc(cc23)C(F)(F)F)CC4
614,88-75-5,2-nitrophenol,-1.74,O=N(=O)c(c(O)ccc1)c1
263,7294-05-5,"2,2,3-trimethyl-3-pentanol",-1.27,CC(C)(C)C(O)(C)CC
829,95-06-7,2-Chloroallyl_Diethyldithiocarbamate,-3.39,CCN(CC)C(=S)SCC(Cl)=C
114,109-70-6,1-bromo-3-chloropropane,-1.85,BrCCCCl
1272,485-65-4,Hydrocinchonine,-2.63,c12ccccc1nccc2C(O)C3N(C4)CCC(C4CC)C3
194,35693-99-3,"2,2´,5,5´-PCB",-7.0,c1c(Cl)ccc(Cl)c1c2c(Cl)ccc(Cl)c2
855,39196-18-4,Thiofanox,-1.62,O=C(ON=C(C(C)(C)C)CSC)NC
1255,1861-40-1,Benfluralin,-5.53,CCCCN(CC)c1c(cc(cc1N(=O)=O)C(F)(F)F)N(=O)=O
458,100-63-0,phenyl_hydrazine,0.07,N(N)c(cccc1)c1
314,98-86-2,acetophenone,-1.28,O=C(c(cccc1)c1)C
1206,533-17-5,2-chloroacetanilide,-1.4,O=C(Nc(c(ccc1)Cl)c1)C
218,2051-24-3,"2,2´,3,3´,4,4´,5,5´,6,6´-PCB",-11.62,Clc1c(Cl)c(Cl)c(Cl)c(Cl)c1c2c(Cl)c(Cl)c(Cl)c(Cl)c2Cl
362,142-92-7,hexyl_acetate,-2.46,O=C(OCCCCCC)C
905,110-42-9,Methyl_Caprate,-4.63,O=C(OC)CCCCCCCCC
915,515-64-0,Sulfisomidine,-2.24,c1cc(N)ccc1S(=O)(=O)Nc2nc(C)nc(C)c2
517,76-74-4,pentobarbital,-2.52,CCCC(C)C1(CC)C(=O)NC(=O)NC1=O
531,133-67-5,trichlormethiazide,-2.68,O=S(=O)(N)c(c(cc(NC(NS1(=O)=O)C(Cl)Cl)c12)Cl)c2
128,549-36-5,"2,3-dichloro-2-methylbutane",-2.69,CC(C)(Cl)C(Cl)C
976,5836-10-2,Chloropropylate,-4.53,CC(C)OC(=O)C(O)(c1ccc(Cl)cc1)c2ccc(Cl)cc2
477,95-16-9,benzothiazole,-1.5,c1ccc2ncsc2c1
644,43121-43-3,triadimefon,-3.61,CC(C)(C)C(=O)C(Oc1ccc(Cl)cc1)n2cncn2
1196,118-08-1,hydrastine,-4.11,COc2ccc1C(OC(=O)c1c2OC)C4N(C)CCc5cc3OCOc3cc45
167,591-50-4,iodobenzene,-2.78,c1ccccc1I
415,426-13-1,fluoromethasone,-4.1,CC1CC2C3CCC(O)(C(=O)C)C3(C)CC(O)C2(F)C4(C)C=CC(=O)C=C14
464,591-22-0,"3,5-dimethylpyridine",0.38,c1c(C)cc(C)cn1
376,117-81-7,di-(2-ethylhexyl)-phthalate,-6.96,O=C(OCC(CCCC)CC)c(c(ccc1)C(=O)OCC(CCCC)CC)c1
286,90-15-3,1-naphthol,-2.22,Oc(c(c(ccc1)cc2)c1)c2
601,55-21-0,benzamide,-0.96,O=C(N)c(cccc1)c1
1140,589-93-5,"2,5-dimethylpyridine",0.4,c1c(C)ccc(C)n1
825,145-73-3,Endothall,-0.27,O=C(O)C(C(C(=O)O)C(O1)CC2)C12
574,110-91-8,morpholine,1.06,O(CCNC1)C1
145,309-00-2,aldrin,-7.33,ClC3=C(Cl)C4(Cl)C2C1CC(C=C1)C2C3(Cl)C4(Cl)Cl
953,741-58-2,Bensulide,-4.2,CC(C)OP(=S)(OC(C)C)SCCNS(=O)(=O)c1ccccc1
782,71-00-1,Histidine,-0.53,O=C(O)C(N)CC(N=CN1)=C1
542,552-58-9,eriodictyol,-3.62,Oc1cc(O)c2C(=O)CC(c3cc(O)c(O)cc3)Oc2c1
1004,4360-12-7,Ajmaline,-2.82,c1ccc2N(C)C3C4CC5C(CC)C(O)N4C(C56)CC3(C6O)c2c1
671,83-49-8,hyodeoxycholic_acid,-3.82,C1C(O)CC2CC(O)C3C4CCC(C(C)CCC(=O)O)C4(C)CCC3C2(C)C1
584,122-66-7,hydrazobenzene,-2.92,N(Nc(cccc1)c1)c(cccc2)c2
1012,145-13-1,Pregnenolone,-4.65,C1C(O)CC2=CCC3C4CCC(C(=O)C)C4(C)CCC3C2(C)C1
859,3042-84-0,Brompyrazone,-3.12,O=C1C(Br)=C(N)C=NN1c2ccccc2
1224,?,7-Methylthiopteridine,-1.55,c1c(SC)nc2cncnc2n1
459,110-86-1,pyridine,0.76,c1ccccn1
463,583-58-4,"3,4-dimethylpyridine",0.36,c1cc(C)c(C)cn1
39,98-82-8,isopropylbenzene,-3.27,c1ccccc1C(C)C
1261,91-80-5,Methapyrilene,-2.64,CN(C)CCN(Cc1cccs1)c2ccccn2
350,109-60-4,propyl_acetate,-0.72,O=C(OCCC)C
1280,512-04-9,Diosgenin,-7.32,C1C(O)CC2=CCC3C4CC5OC6(OCC(C)CC6)C(C)C5C4(C)CCC3C2(C)C1
466,366-18-7,"2,2´-bipyridine",-1.42,n(c(ccc1)c(nccc2)c2)c1
721,013476-55-6,hexyl-4-aminobenzoate,-3.95,CCCCCCOC(=O)c1ccc(N)cc1
784,1596-84-5,Daminozide,-0.2,CN(C)NC(=O)CCC(O)=O
947,492-70-6,Hydrobenzoin,-1.93,c1ccccc1C(O)C(O)c2ccccc2
89,74-88-4,iodomethane,-1.0,CI
1005,672-72-0,Amygdalin,-0.77,N#CC(c2ccccc2)OC3(C(C(O)(H)C(C(O3)(COC1(C(C(O)(H)C(C(O1)(CO)H)(O)H)(O)H)H)H)(O)H)(O)H)H
159,120-82-1,"1,2,4-trichlorobenzene",-3.59,c1cc(Cl)cc(Cl)c1Cl
929,26225-79-6,Ethofumesate,-3.42,CCOC2Oc1ccc(OS(C)(=O)=O)cc1C2(C)C
1113,105-37-3,ethyl_propionate,-0.66,O=C(OCC)CC
633,101-21-3,chloropham,-3.38,CC(C)OC(=O)Nc1cccc(Cl)c1
848,70-69-9,p-Aminopropiophenone,-2.63,O=C(c(ccc(N)c1)c1)CC
164,327-54-8,"1,2,4,5-tetrafluorobenzene",-2.38,c1c(F)c(F)cc(F)c1F
3,107-83-5,2-methylpentane,-3.74,CCCC(C)C
454,91-66-7,"N,N-diethylaniline",-3.03,c1ccccc1N(CC)CC
169,352-11-4,p-fluorobenzyl_chloride,-2.54,c1cc(F)ccc1CCl
316,64-19-7,acetic_acid,1.22,CC(=O)O
738,595-33-5,megestrol_acetate,-5.35,C1C(=O)C=C2C(C)=CC3C4CCC(C(=O)C)(OC(=O)C)C4(C)CCC3C2(C)C1
629,122-34-9,simazine,-4.55,n(c(nc(n1)NCC)NCC)c1Cl
1123,100-66-3,anisole,-1.85,c1ccccc1OC
1275,514-10-3,Abietic_Acid,-3.8,O=C(O)C(C(C(C(C(=C1)C=C(C2)C(C)C)C2)(CC3)C)C1)(C3)C
380,598-53-8,methyl_isopropyl_ether,-0.06,COC(C)C
196,32598-11-1,"2,3´,4´,5-PCB",-7.25,c1cc(Cl)c(Cl)cc1c2c(Cl)ccc(Cl)c2
799,?,2-Methylthiopteridine,-1.76,c1cnc2c(SC)ncnc2n1
652,141-90-2,2-thiouracil,-2.26,n(ccc(n1)O)c1S
846,501-52-0,Hydrocinnamic_Acid,-1.41,O=C(O)CCc(cccc1)c1
1048,74-95-3,dibromomethane,-1.17,BrCBr
731,579-10-2,N-methylacetanilide,-0.95,O=C(N(c(cccc1)c1)C)C
46,538-68-1,n-pentylbenzene,-4.64,c1ccccc1CCCCC
1018,26002-80-2,Phenothrin,-5.24,CC(C)=CC3C(C(=O)OCc2cccc(Oc1ccccc1)c2)C3(C)C
555,6988-21-2,dioxacarb,-1.57,CNC(=O)Oc1ccccc1C2OCCO2
522,85-41-6,phthalimide,-2.61,O=C(NC(=O)c1cccc2)c12
406,53-16-7,estrone,-3.96,O=C(C(C(C(C(c(c(cc(O)c1)C2)c1)C3)C2)C4)(C3)C)C4
55,90-12-0,1-methylnaphthalene,-3.7,c1ccc2ccccc2c1C
236,108-11-2,4-methyl-2-pentanol,-0.8,OC(CC(C)C)C
468,54-11-5,nicotine,0.79,n(cccc1C(N(CC2)C)C2)c1
1055,109-65-9,1-bromobutane,-2.37,BrCCCC
293,111-71-7,heptanal,-1.7,O=CCCCCCC
495,52-43-7,allobarbital,-2.06,C=CCC1(CC=C)C(=O)NC(=O)NC1=O
223,71-36-3,1-butanol,0.0,CCCCO
1067,608-93-5,pentachlorobenzene,-5.65,c1c(Cl)c(Cl)c(Cl)c(Cl)c1Cl
649,96-45-7,ethylenethiourea,-0.71,N(C(=S)NC1)C1
512,62-44-2,phenacetin,-2.37,CC(=O)Nc1ccc(OCC)cc1
565,59-31-4,2-(1H)quinolinone,-2.14,c1ccc2C=CC(=O)N(H)c2c1
1071,37680-65-2,"2,2´,5-PCB",-6.02,c1cccc(Cl)c1c2c(Cl)ccc(Cl)c2
2,110-54-3,n-hexane,-3.84,CCCCCC
338,98-89-5,cyclohexanecarboxylic_acid,-1.45,O=C(O)C(CCCC1)C1
446,62-53-3,aniline,-0.41,c1ccccc1N
469,54-85-3,isoniazid,0.01,NNC(=O)c1ccncc1
85,205-99-2,benzo(b)fluoranthene,-8.23,c12ccccc1cc3c4ccccc4c5c3c2ccc5
305,111-13-7,2-octanone,-2.05,O=C(CCCCCC)C
962,484-12-8,Osthole,-4.31,COc1ccc2C=CC(=O)Oc2c1CC=C(C)C
111,107-08-4,1-iodopropane,-2.29,CCCI
278,106-44-5,p-cresol,-0.7,c1cc(C)ccc1O
990,853-34-9,Kebuzone,-3.27,CC(=O)CCC1C(=O)N(c2ccccc2)N(c3ccccc3)C1=O
119,78-86-4,2-chlorobutane,-1.96,CC(Cl)CC
806,591-24-2,3-Methylcyclohexanone,-1.87,O=C(CCCC1C)C1
1180,108-42-9,3-chloroaniline,-1.37,Clc(cccc1N)c1
198,52663-62-4,"2,2´,3,3´,4-PCB",-7.05,c1cc(Cl)c(Cl)cc1c2c(Cl)c(Cl)c(Cl)cc2
980,51-34-3,Scopolamine,-0.48,CN1C2CC(CC1C3OC23)OC(=O)C(CO)c4ccccc4
1185,75-08-1,ethanethiol,-0.6,CCS
28,3452-09-3,1-nonyne,-4.24,CCCCCCCC#C
635,150-68-5,monuron,-2.89,O=C(N(C)C)Nc(ccc(c1)Cl)c1
63,2131-41-1,"1,4,5-trimethylnaphthalene",-4.92,c1cc(C)c2c(C)cccc2c1C
842,120-36-5,Dichlorprop,-2.45,O=C(O)C(Oc(c(cc(c1)Cl)Cl)c1)C
1090,594-83-2,"2,3,3-trimethyl-2-butanol",-0.72,CC(O)(C)C(C)(C)C
337,99-66-1,valproic_acid,-1.86,CCCC(CCC)C(O)=O
532,137-58-6,lidocaine,-1.76,O=C(Nc(c(ccc1)C)c1C)CN(CC)CC
1058,111-83-1,1-bromooctane,-5.06,CCCCCCCCBr
32,106-42-3,p-xylene,-2.77,c1cc(C)ccc1C
483,273-53-0,benzoxazole,-1.16,o(c(c(n1)ccc2)c2)c1
932,111-82-0,Methyl_Laurate,-4.69,O=C(OC)CCCCCCCCCCC
1080,72-54-8,"p,p´-DDD",-7.2,ClC(Cl)C(c1ccc(Cl)cc1)c2ccc(Cl)cc2
647,834-12-8,ametryn,-3.04,CCNc1nc(NC(C)C)nc(SC)n1
710,1114-71-2,pedulate,-3.35,CCCCN(CC)C(=O)SCCC
815,7286-84-2,Chloramben_Methyl_Ester,-3.26,O=C(OC)c(c(c(N)cc1Cl)Cl)c1
1003,57-63-6,Ethinyl_Estradiol,-4.3,OC(C#C)(C(C(C(C(c(c(cc(O)c1)C2)c1)C3)C2)C4)(C3)C)C4
563,76674-21-0,flutriafol,-3.37,n1cncn1CC(O)(c2ccc(F)cc2)c3ccccc3F
908,3380-34-5,Triclosan,-4.46,O(c(c(O)cc(c1)Cl)c1)c(c(cc(c2)Cl)Cl)c2
62,83-32-9,acenaphthene,-4.63,c1ccc2cccc3c2c1CC3
796,?,7-Methylpteridine,0.06,c1c(C)nc2cncnc2n1
618,91-23-6,2-nitroanisole,-1.96,O=N(=O)c(c(OC)ccc1)c1
48,100-42-5,styrene,-2.82,c1ccccc1C=C
552,5234-68-4,carboxin,-3.14,CC1=C(SCCO1)C(=O)Nc2ccccc2
1017,83-79-4,Rotenone,-4.42,COc5cc4OCC3Oc2c1CC(Oc1ccc2C(=O)C3c4cc5OC)C(C)=C
384,142-68-7,tetrahydropyran,-0.03,O(CCCC1)C1
594,127-07-1,hydroxyurea,1.12,O=C(N)NO
139,156-59-2,"1,2-dichloroethylene",-1.3,ClC=CCl
1151,59-66-5,acetazoleamide,-2.36,CC(=O)Nc1nnc(S(=O)(=O)N)s1
506,58-40-2,promazine,-4.3,c1ccc2Sc3ccccc3N(CCCN(C)C)c2c1
984,467-98-1,Thebainone_A,-1.87,c1c(OC)c(O)c2C3(C4)CC(=O)C=CC3C(N(C)C4)Cc2c1
485,578-67-6,5-hydroxyquinoline,-2.54,c1cc2ncccc2c(O)c1
1134,74-11-3,p-chlorobenzoic_acid,-3.31,O=C(O)c(ccc(c1)Cl)c1
933,3424-82-6,"o,p'-DDE",-6.36,ClC(=C(c1ccccc1Cl)c2ccc(cc2)Cl)Cl
1007,52645-53-1,Permethrin,-6.29,CC1(C)C(C=C(Cl)Cl)C1C(=O)OCc3cccc(Oc2ccccc2)c3
232,111-27-3,1-hexanol,-1.24,CCCCCCO
773,107-43-7,Betaine,0.72,O=C(O)CN(C)(C)C
1172,63-25-2,carbaryl,-3.28,O=C(Oc(c(c(ccc1)cc2)c1)c2)NC
858,24009-05-0,1-Hydroxychlordene,-5.46,OC1C=CC2C1C3(Cl)C(=C(Cl)C2(Cl)C3(Cl)Cl)Cl
927,80-74-0,Acetyl_Sulfisoxazole,-3.59,c1cc(N)ccc1S(=O)(=O)N(C(=O)C)c2onc(C)c2C
312,693-54-9,2-decanone,-3.31,O=C(CCCCCCCC)C
1015,564-25-0,Doxycycline,-2.87,CC3C2C(O)C1C(N(C)C)C(=C(C(N)=O)C(=O)C1(O)C(=C2C(=O)c4c(O)cccc34)O)O
630,1912-26-1,trietazine,-4.06,n(c(nc(n1)N(CC)CC)NCC)c1Cl
744,120-89-8,Parabanic_Acid,-0.4,O=C(NC(=O)C1=O)N1
395,109-99-9,tetrahydrofuran,0.56,O(CCC1)C1
930,53648-05-8,Ibuproxam,-3.04,c1cc(CC(C)C)ccc1C(C)C(=O)NO
860,2425-06-1,Captafol,-5.4,ClC(Cl)C(Cl)(Cl)SN2C(=O)C1CC=CCC1C2=O
191,32598-10-0,"2,3´,4,4´-PCB",-7.8,c1cc(Cl)c(Cl)cc1c2c(Cl)cc(Cl)cc2
892,83-07-8,Aminophenazone,-0.62,O=C1N(c2ccccc2)N(C)C(C)=C1N
813,614-61-9,2-Chlorophenoxyacetic_Acid,-2.16,OC(=O)COc1ccccc1Cl
504,57-68-1,sulfamethazine,-2.27,O=S(=O)(Nc(nc(cc1C)C)n1)c(ccc(N)c2)c2
154,541-73-1,"1,3-dichlorobenzene",-3.04,c1ccc(Cl)cc1Cl
488,872-55-9,2-ethylthiophene,-2.59,C1=CSC(CC)=C1
365,102-76-1,glyceryl_triacetate,-0.6,O=C(OCC(OC(=O)C)COC(=O)C)C
699,76-24-4,alloxanthin,-2.23,O=C(NC(=O)C(O)(C1=O)C(O)(C(=O)NC(=O)N2)C2=O)N1
603,103-84-4,acetanilide,-1.33,O=C(Nc(cccc1)c1)C
47,2049-95-8,t-amylbenzene,-4.15,c1ccccc1C(CC)(C)C
313,57-83-0,progesterone,-4.43,O=C(C(C(C(C(C(C(C(=CC(=O)C1)C2)(C1)C)C3)C2)C4)(C3)C)C4)C
792,133-91-5,"3,5-Diiodosalicylic_Acid",-3.31,O=C(O)c(c(O)c(cc1I)I)c1
1120,60-29-7,diethyl_ether,-0.09,CCOCC
60,571-58-4,"1,4-dimethylnaphthalene",-4.14,c1cc(C)c2ccccc2c1C
332,76-93-7,benzilic_acid,-2.21,O=C(O)C(O)(c(cccc1)c1)c(cccc2)c2
1178,62-23-7,4-nitrobenzoic_acid,-2.8,O=C(O)c(ccc(N(=O)=O)c1)c1
800,?,4-Methylthiopteridine,-2.36,c1cnc2cnc(SC)nc2n1
1088,6305-71-1,"2,4-dimethyl-1-pentanol",-1.6,OCC(C)CC(C)C
1184,15972-60-8,alachlor,-3.26,CCc1cccc(CC)c1N(COC)C(=O)CCl
1271,50-59-9,Cephaloridine,-1.32,OC(=O)C2=C(CSC3C(NC(=O)Cc1cccs1)C(=O)N23)Cn4(H)ccccc4
67,129-00-0,pyrene,-6.19,c(c(c(cc1)ccc2)c2cc3)(c1ccc4)c34
925,24691-76-7,Pyracarbolid,-2.56,CC1=C(CCCO1)C(=O)Nc2ccccc2
324,79-41-4,methacrylic_acid,0.01,O=C(O)C(=C)C
1111,544-63-8,tetradecanoic_acid,-5.33,O=C(O)CCCCCCCCCCCCC
985,50-47-5,Desipramine,-3.66,CNCCCN2c1ccccc1CCc3ccccc23
739,1678-91-7,ethylcyclohexane,-4.25,C1CCCCC1CC
18,111-66-0,1-octene,-4.44,CCCCCCC=C
244,594-60-5,"2,3-dimethyl-2-butanol",-0.41,CC(O)(C)C(C)C
447,95-54-5,"1,2-benzenediamine",-0.42,c1cccc(N)c1N
361,123-92-2,isoamyl_acetate,-1.92,O=C(OCCC(C)C)C
762,68-94-0,Hypoxanthine,-2.29,N1C=Nc2ncnc2C1(=O)
347,141-78-6,ethyl_acetate,-0.04,O=C(OCC)C
735,3772-43-8,stadacaine,-3.84,c1cc(OCCCC)ccc1C(=O)OCCN(CC)CC
741,99-49-0,L-carvone,-2.06,O=C(C(=CCC1C(=C)C)C)C1
68,206-44-0,fluoranthene,-6.0,c(c(ccc1)ccc2)(c1c(c3ccc4)c4)c23
669,81-25-4,cholic_acid,-3.37,O=C(O)CCC(C(C(C(C(C(C(C(C1)CC(O)C2)(C2)C)C3)C1O)C4)(C3O)C)C4)C
1097,135-19-3,2-naphthol,-2.28,Oc(ccc(c1ccc2)c2)c1
518,77-02-1,aprobarbital,-1.71,CC(C)C1(CC=C)C(=O)NC(=O)NC1=O
694,68-22-4,norethisterone,-4.57,CC34CCC1C(CCC2=CC(=O)CCC12)C3CCC4(O)C#C
147,77-47-4,hexachlorocyclopentadiene,-5.18,C(=C(C(=C1Cl)Cl)Cl)(C1(Cl)Cl)Cl
1248,3149-00-6,Phenbutamide,-3.05,c1ccccc1S(=O)(=O)NC(=O)NCCCC
189,55702-45-9,"2,3,6-PCB",-6.29,c1ccccc1c2c(Cl)c(Cl)ccc2Cl
24,138-86-3,D-limonene,-4.0,C(=CCC(C(=C)C)C1)(C1)C
765,73-24-5,Adenine,-2.12,n(c(c(ncn1)c1n2)N)c2
879,5392-40-5,Citral,-2.06,O=CC=C(CCC=C(C)C)C
250,2370-12-9,"2,2-dimethyl-1-pentanol",-1.52,OCC(C)(C)CCC
808,?,n-Hexyl_Carbamate,-1.92,NC(=O)OCCCCCC
1152,63-75-2,arecoline,0.81,CN1CCC=C(C(=O)OC)C1
426,106-48-9,4-chlorophenol,-0.7,Oc(ccc(c1)Cl)c1
176,2051-61-8,3-chlorobiphenyl,-4.88,c1ccccc1c2cc(Cl)ccc2
14,592-41-6,1-hexene,-3.23,CCCCC=C
336,88-09-5,2-ethylbutyric_acid,-0.81,O=C(O)C(CC)CC
72,217-59-4,triphenylene,-6.74,c1ccc2c3ccccc3c4ccccc4c2c1
544,651-06-9,sulfameter,-2.58,c1cc(N)ccc1S(=O)(=O)Nc2ncc(OC)cn2
1020,84-06-0,Thiopropazate,-4.7,CC(=O)OCCN4CCN(CCCN2c1ccccc1Sc3ccc(Cl)cc23)CC4
972,14214-32-5,Difenoxuron,-4.16,COc2ccc(Oc1ccc(NC(=O)N(C)C)cc1)cc2
1028,109-67-1,1-pentene,-2.68,CCCC=C
1233,3813-05-6,Benazolin,-2.61,OC(=O)CN1C(=O)Sc2cccc(Cl)c12
707,957-51-7,diphenamid,-2.98,CN(C)C(=O)C(c1ccccc1)c2ccccc2
225,78-83-1,2-methylpropanol,0.04,OCC(C)C
107,67-72-1,hexachloroethane,-3.67,ClC(Cl)(Cl)C(Cl)(Cl)Cl
747,591-07-1,1-Acetylurea,-0.9,O=C(NC(=O)C)N
1035,496-11-7,indane,-3.04,c(c(ccc1)CC2)(c1)C2
